date,equity,cash,market_value,benchmark,daily_return
2025-08-01,1004774.627922075,39687.627922075,965087.0,4054.9286,0.0
2025-08-04,1006969.627922075,39687.627922075,967282.0,4070.7023,0.002184569493498545
2025-08-05,1012717.627922075,39687.627922075,973030.0,4103.45,0.005708215859361321
2025-08-06,1016940.627922075,39687.627922075,977253.0,4113.4852,0.004169967899803284
2025-08-07,1010900.627922075,39687.627922075,971213.0,4114.666,-0.005939383120469488
2025-08-08,1007906.627922075,39687.627922075,968219.0,4104.9669,-0.0029617154419562253
2025-08-11,1034465.627922075,39687.627922075,994778.0,4122.5106,0.02635065517403601
2025-08-12,1043134.627922075,39687.627922075,1003447.0,4143.8252,0.008380172106262629
2025-08-13,1067219.627922075,39687.627922075,1027532.0,4176.5776,0.02308906190563098
2025-08-14,1049049.627922075,39687.627922075,1009362.0,4173.3131,-0.017025548935393764
2025-08-15,1069543.627922075,39687.627922075,1029856.0,4202.3533,0.019535777387952535
2025-08-18,1088042.627922075,39687.627922075,1048355.0,4239.4125,0.01729616213593843
2025-08-19,1093985.627922075,39687.627922075,1054298.0,4223.3741,0.0054621021708956
2025-08-20,1110927.627922075,39687.627922075,1071240.0,4271.3958,0.015486492297142718
2025-08-21,1106419.627922075,39687.627922075,1066732.0,4288.0707,-0.004057870095851346
2025-08-22,1118343.627922075,39687.627922075,1078656.0,4377.9977,0.010777104544316574
2025-08-25,1132497.627922075,39687.627922075,1092810.0,4469.2217,0.012656217325884622
2025-08-26,1138646.627922075,39687.627922075,1098959.0,4452.5905,0.005429591946503498
2025-08-27,1173566.627922075,39687.627922075,1133879.0,4386.1266,0.03066798701518647
2025-08-28,1203799.627922075,39687.627922075,1164112.0,4463.782,0.025761639161068217
2025-08-29,1191831.627922075,39687.627922075,1152144.0,4496.7591,-0.009941853878671192
2025-09-01,1224321.625369165,55448.62536916506,1168873.0,4523.7111,0.027260559869295875
2025-09-02,1154237.625369165,55448.62536916506,1098789.0,4490.4528,-0.05724312839681145
2025-09-03,1148776.625369165,55448.62536916506,1093328.0,4459.8296,-0.00473126146641889
2025-09-04,1096300.625369165,55448.62536916506,1040852.0,4365.2085,-0.04567989880812262
2025-09-05,1136580.625369165,55448.62536916506,1081132.0,4460.3249,0.03674174680547693
2025-09-08,1144710.625369165,55448.62536916506,1089262.0,4467.5733,0.007153034125809921
2025-09-09,1109939.625369165,55448.62536916506,1054491.0,4436.2584,-0.030375362322496602
2025-09-10,1129552.625369165,55448.62536916506,1074104.0,4445.3649,0.017670330486198038
2025-09-11,1173037.625369165,55448.62536916506,1117589.0,4548.0345,0.03849754232193314
2025-09-12,1165248.625369165,55448.62536916506,1109800.0,4521.998,-0.006640025717460474
2025-09-15,1158236.625369165,55448.62536916506,1102788.0,4533.0557,-0.006017599890133729
2025-09-16,1164334.625369165,55448.62536916506,1108886.0,4523.3367,0.005264899992310612
2025-09-17,1194839.625369165,55448.62536916506,1139391.0,4551.023,0.026199512867985053
2025-09-18,1214523.625369165,55448.62536916506,1159075.0,4498.109,0.016474177439435245
2025-09-19,1203795.625369165,55448.62536916506,1148347.0,4501.9195,-0.008833092890011995
2025-09-22,1218283.625369165,55448.62536916506,1162835.0,4522.608,0.01203526553401213
2025-09-23,1227283.625369165,55448.62536916506,1171835.0,4519.7781,0.007387442310301751
2025-09-24,1288577.625369165,55448.62536916506,1233129.0,4566.0708,0.049942815770529725
2025-09-25,1305247.625369165,55448.62536916506,1249799.0,4593.4875,0.012936744881957951
2025-09-26,1286697.625369165,55448.62536916506,1231249.0,4550.0487,-0.014211862668398578
2025-09-29,1323361.625369165,55448.62536916506,1267913.0,4620.0528,0.02849465117298311
2025-09-30,1323106.625369165,55448.62536916506,1267658.0,4640.6935,-0.00019269109449115973
2025-10-09,1337336.1492657852,62500.14926578518,1274836.0,4709.482,0.010754631277467785
2025-10-10,1304874.1492657852,62500.14926578518,1242374.0,4616.8341,-0.02427362785177234
2025-10-13,1271918.1492657852,62500.14926578518,1209418.0,4593.9785,-0.025256075475587725
2025-10-14,1235044.1492657852,62500.14926578518,1172544.0,4539.0644,-0.028990859216283305
2025-10-15,1267026.1492657852,62500.14926578518,1204526.0,4606.2879,0.02589543055526633
2025-10-16,1268164.1492657852,62500.14926578518,1205664.0,4618.4218,0.000898166151234836
2025-10-17,1235304.1492657852,62500.14926578518,1172804.0,4514.2345,-0.025911472122141732
2025-10-20,1251991.1492657852,62500.14926578518,1189491.0,4538.2201,0.01350841410993242
2025-10-21,1278066.1492657852,62500.14926578518,1215566.0,4607.8715,0.0208268245468759
2025-10-22,1260096.1492657852,62500.14926578518,1197596.0,4592.57,-0.014060305102614024
2025-10-23,1254520.1492657852,62500.14926578518,1192020.0,4606.3447,-0.0044250591538185224
2025-10-24,1291976.1492657852,62500.14926578518,1229476.0,4660.6835,0.02985683412252982
2025-10-27,1316991.1492657852,62500.14926578518,1254491.0,4716.0186,0.0193618125336259
2025-10-28,1330506.1492657852,62500.14926578518,1268006.0,4691.973,0.010262027962400833
2025-10-29,1338197.1492657852,62500.14926578518,1275697.0,4747.8378,0.005780506917795192
2025-10-30,1292403.1492657852,62500.14926578518,1229903.0,4709.911,-0.03422066772831289
2025-10-31,1275526.1492657852,62500.14926578518,1213026.0,4640.6676,-0.013058618751886963
2025-11-03,1276993.8441719604,45275.844171960256,1231718.0,4653.4028,0.0011506584220324356
2025-11-04,1261442.8441719604,45275.844171960256,1216167.0,4618.699,-0.012177819079530305
2025-11-05,1264661.8441719604,45275.844171960256,1219386.0,4627.257,0.0025518397562538375
2025-11-06,1266349.8441719604,45275.844171960256,1221074.0,4693.4032,0.0013347441513942293
2025-11-07,1242598.8441719604,45275.844171960256,1197323.0,4678.7944,-0.018755480651186263
2025-11-10,1238680.8441719604,45275.844171960256,1193405.0,4695.0507,-0.003153069084504745
2025-11-11,1229597.8441719604,45275.844171960256,1184322.0,4652.1655,-0.007332800892768998
2025-11-12,1239981.8441719604,45275.844171960256,1194706.0,4645.9079,0.008445037578113768
2025-11-13,1246301.8441719604,45275.844171960256,1201026.0,4702.0738,0.005096848820573152
2025-11-14,1232999.8441719604,45275.844171960256,1187724.0,4628.1398,-0.010673176856957789
2025-11-17,1230808.8441719604,45275.844171960256,1185533.0,4598.0525,-0.0017769669723448622
2025-11-18,1236741.8441719604,45275.844171960256,1191466.0,4568.1928,0.004820407350900613
2025-11-19,1201949.8441719604,45275.844171960256,1156674.0,4588.2922,-0.02813198256689886
2025-11-20,1196126.8441719604,45275.844171960256,1150851.0,4564.9483,-0.004844628108431226
2025-11-21,1153346.8441719604,45275.844171960256,1108071.0,4453.6076,-0.03576543759421702
2025-11-24,1180411.8441719604,45275.844171960256,1135136.0,4448.0478,0.02346648810525953
2025-11-25,1198964.8441719604,45275.844171960256,1153689.0,4490.4047,0.015717395662879552
2025-11-26,1196338.8441719604,45275.844171960256,1151063.0,4517.6255,-0.0021902226848140582
2025-11-27,1214371.8441719604,45275.844171960256,1169096.0,4515.4027,0.015073488659044232
2025-11-28,1219661.8441719604,45275.844171960256,1174386.0,4526.6616,0.0043561616035383555
2025-12-01,1229133.4151161802,47234.41511618026,1181899.0,4576.4856,0.0077657352236431
2025-12-02,1213125.4151161802,47234.41511618026,1165891.0,4554.3347,-0.013023809948643272
2025-12-03,1202986.4151161802,47234.41511618026,1155752.0,4531.0486,-0.008357750875270353
2025-12-04,1190580.4151161802,47234.41511618026,1143346.0,4546.5664,-0.010312668409311887
2025-12-05,1212916.4151161802,47234.41511618026,1165682.0,4584.5368,0.01876059753411985
2025-12-08,1236542.4151161802,47234.41511618026,1189308.0,4621.7545,0.019478671164440353
2025-12-09,1231888.4151161802,47234.41511618026,1184654.0,4598.2232,-0.003763720470164933
2025-12-10,1226901.4151161802,47234.41511618026,1179667.0,4591.8273,-0.004048256269647332
2025-12-11,1205613.4151161802,47234.41511618026,1158379.0,4552.1848,-0.01735102734231031
2025-12-12,1224914.4151161802,47234.41511618026,1177680.0,4580.95,0.016009277731983573
2025-12-15,1210428.4151161802,47234.41511618026,1163194.0,4552.0596,-0.011826132357684815
2025-12-16,1197613.4151161802,47234.41511618026,1150379.0,4497.5545,-0.0105871605788187
2025-12-17,1222316.4151161802,47234.41511618026,1175082.0,4579.875,0.020626856453176634
2025-12-18,1211496.4151161802,47234.41511618026,1164262.0,4552.7926,-0.008852045072937686
2025-12-19,1218290.4151161802,47234.41511618026,1171056.0,4568.1781,0.005607940655233845
2025-12-22,1236177.4151161802,47234.41511618026,1188943.0,4611.6235,0.014682049352160664
2025-12-23,1237316.4151161802,47234.41511618026,1190082.0,4620.7341,0.0009213887796946096
2025-12-24,1255236.4151161802,47234.41511618026,1208002.0,4634.0586,0.014482956648010914
2025-12-25,1273965.4151161802,47234.41511618026,1226731.0,4642.5357,0.014920695236734671
2025-12-26,1261001.4151161802,47234.41511618026,1213767.0,4657.24,-0.010176100423273882
2025-12-29,1267706.4151161802,47234.41511618026,1220472.0,4639.3721,0.005317202597573845
2025-12-30,1268830.4151161802,47234.41511618026,1221596.0,4651.2818,0.0008866406185197295
2025-12-31,1271094.4151161802,47234.41511618026,1223860.0,4629.9395,0.001784320404860873
2026-01-05,1288781.1582852153,38319.15828521529,1250462.0,4717.7457,0.013914578617213458
2026-01-06,1299070.1582852153,38319.15828521529,1260751.0,4790.6938,0.007983512122174519
2026-01-07,1292562.1582852153,38319.15828521529,1254243.0,4776.6658,-0.005009737125045377
2026-01-08,1305365.1582852153,38319.15828521529,1267046.0,4737.6536,0.009905132931467886
2026-01-09,1320177.1582852153,38319.15828521529,1281858.0,4758.9221,0.01134701650797676
2026-01-12,1351099.1582852153,38319.15828521529,1312780.0,4789.9155,0.02342261400747514
2026-01-13,1320673.1582852153,38319.15828521529,1282354.0,4761.0324,-0.022519442642992993
2026-01-14,1363417.1582852153,38319.15828521529,1325098.0,4741.9306,0.032365312895053844
2026-01-15,1350860.1582852153,38319.15828521529,1312541.0,4751.4293,-0.009209947171116006
2026-01-16,1361790.1582852153,38319.15828521529,1323471.0,4731.8728,0.008091140991140389
2026-01-19,1374190.1582852153,38319.15828521529,1335871.0,4734.4556,0.009105661341842985
2026-01-20,1350654.1582852153,38319.15828521529,1312335.0,4718.8782,-0.017127178402565058
2026-01-21,1412478.1582852153,38319.15828521529,1374159.0,4723.0692,0.04577337553122507
2026-01-22,1427494.1582852153,38319.15828521529,1389175.0,4723.7091,0.010630960848435178
2026-01-23,1440633.1582852153,38319.15828521529,1402314.0,4702.4966,0.00920424081859883
2026-01-26,1423986.1582852153,38319.15828521529,1385667.0,4706.964,-0.01155533586344415
2026-01-27,1451480.1582852153,38319.15828521529,1413161.0,4705.6918,0.019307771947101315
2026-01-28,1446215.1582852153,38319.15828521529,1407896.0,4717.9914,-0.0036273317068420408
2026-01-29,1414628.1582852153,38319.15828521529,1376309.0,4753.8697,-0.021841148475758576
2026-01-30,1428486.1582852153,38319.15828521529,1390167.0,4706.3401,0.009796213880542526
2026-02-02,1406557.3637777304,44791.3637777303,1361766.0,4605.9799,-0.015351072448478331
2026-02-03,1452049.3637777304,44791.3637777303,1407258.0,4660.1074,0.03234279750796487
2026-02-04,1424192.3637777304,44791.3637777303,1379401.0,4698.6832,-0.01918460948705336
2026-02-05,1409227.3637777304,44791.3637777303,1364436.0,4670.4188,-0.010507709759308592
2026-02-06,1423416.3637777304,44791.3637777303,1378625.0,4643.5959,0.010068637868316355
2026-02-09,1475598.3637777304,44791.3637777303,1430807.0,4719.0559,0.036659688147401726
2026-02-10,1482667.3637777304,44791.3637777303,1437876.0,4724.2956,0.004790598968883675
2026-02-11,1495708.3637777304,44791.3637777303,1450917.0,4713.8185,0.008795634353731652
2026-02-12,1529522.3637777304,44791.3637777303,1484731.0,4719.578,0.02260734834335998
2026-02-13,1513834.3637777304,44791.3637777303,1469043.0,4660.4056,-0.010256796743561503
2026-02-24,1510168.3637777304,44791.3637777303,1465377.0,4707.544,-0.0024216652017672313
2026-02-25,1517068.3637777304,44791.3637777303,1472277.0,4735.8858,0.00456902698103101
2026-02-26,1538558.3637777304,44791.3637777303,1493767.0,4726.8739,0.014165478967926415
2026-02-27,1545711.3637777304,44791.3637777303,1500920.0,4710.6469,0.004649157398512127
2026-03-02,1529813.9474068703,50860.947406870284,1478953.0,4728.6688,-0.010284854432335067
2026-03-03,1460512.9474068703,50860.947406870284,1409652.0,4655.8962,-0.045300279891858364
2026-03-04,1436000.9474068703,50860.947406870284,1385140.0,4602.6247,-0.01678314460924213
2026-03-05,1472858.9474068703,50860.947406870284,1421998.0,4647.6921,0.02566711398523669
2026-03-06,1489928.9474068703,50860.947406870284,1439068.0,4660.439,0.011589704519943123
2026-03-09,1516989.9474068703,50860.947406870284,1466129.0,4615.4551,0.01816261107423811
2026-03-10,1562613.9474068703,50860.947406870284,1511753.0,4674.7562,0.030075347617160686
2026-03-11,1577673.9474068703,50860.947406870284,1526813.0,4704.4959,0.009637697158016323
2026-03-12,1552406.9474068703,50860.947406870284,1501546.0,4687.5601,-0.016015349712486415
2026-03-13,1516832.9474068703,50860.947406870284,1465972.0,4669.14,-0.02291538314706887
2026-03-16,1523268.9474068703,50860.947406870284,1472408.0,4671.5591,0.004243051293817635
2026-03-17,1462973.9474068703,50860.947406870284,1412113.0,4637.4392,-0.039582635819264134
2026-03-18,1507056.9474068703,50860.947406870284,1456196.0,4658.3324,0.03013245729914571
2026-03-19,1505599.9474068703,50860.947406870284,1454739.0,4583.2511,-0.000966784966226375
2026-03-20,1443796.9474068703,50860.947406870284,1392936.0,4567.0179,-0.04104875276227571
2026-03-23,1377634.9474068703,50860.947406870284,1326774.0,4417.9971,-0.045825003383495266
2026-03-24,1433225.9474068703,50860.947406870284,1382365.0,4474.7224,0.04035248968142047
2026-03-25,1491289.9474068703,50860.947406870284,1440429.0,4537.4656,0.04051280267780166
2026-03-26,1484412.9474068703,50860.947406870284,1433552.0,4477.5343,-0.004611443946201166
2026-03-27,1503930.9474068703,50860.947406870284,1453070.0,4502.5698,0.013148632281937411
2026-03-30,1507104.9474068703,50860.947406870284,1456244.0,4491.95,0.0021104692376154865
2026-03-31,1463111.9474068703,50860.947406870284,1412251.0,4450.0493,-0.029190402483711853
2026-04-01,1501607.9346904955,48811.93469049537,1452796.0,4526.0668,0.026311033377762527
2026-04-02,1450107.9346904955,48811.93469049537,1401296.0,4478.9141,-0.034296568904728764
2026-04-03,1466078.9346904955,48811.93469049537,1417267.0,4440.7889,0.011013662926690149
2026-04-07,1498724.9346904955,48811.93469049537,1449913.0,4440.6162,0.022267559561444772
2026-04-08,1600687.9346904955,48811.93469049537,1551876.0,4595.556,0.0680331644852874
2026-04-09,1585348.9346904955,48811.93469049537,1536537.0,4566.2237,-0.009582754806586324
2026-04-10,1581114.9346904955,48811.93469049537,1532303.0,4636.5655,-0.0026707054247503415
2026-04-13,1589654.9346904955,48811.93469049537,1540843.0,4646.1546,0.005401251871466117
2026-04-14,1607514.9346904955,48811.93469049537,1558703.0,4701.2837,0.011235142677978205
2026-04-15,1594405.9346904955,48811.93469049537,1545594.0,4685.2464,-0.008154823147894397
2026-04-16,1640699.9346904955,48811.93469049537,1591888.0,4736.6077,0.02903526573299331
2026-04-17,1635088.9346904955,48811.93469049537,1586277.0,4728.6716,-0.003419881893917731
2026-04-20,1626178.9346904955,48811.93469049537,1577367.0,4757.4419,-0.005449244876509773
2026-04-21,1600508.9346904955,48811.93469049537,1551697.0,4767.997,-0.015785470745189323
2026-04-22,1636504.9346904955,48811.93469049537,1587693.0,4799.627,0.022490346176643472
2026-04-23,1598784.9346904955,48811.93469049537,1549973.0,4786.3273,-0.023049120843093407
2026-04-24,1565317.9346904955,48811.93469049537,1516506.0,4769.3688,-0.020932771677936057
2026-04-27,1579608.9346904955,48811.93469049537,1530797.0,4770.9469,0.009129774650429523
2026-04-28,1549888.9346904955,48811.93469049537,1501077.0,4758.2083,-0.01881478342348275
2026-04-29,1559765.9346904955,48811.93469049537,1510954.0,4810.3468,0.006372714701632809
2026-04-30,1556738.9346904955,48811.93469049537,1507927.0,4807.3069,-0.001940675798000835
2026-05-06,1605745.7612392707,63417.76123927071,1542328.0,4877.0932,0.03148043994834526
2026-05-07,1644907.7612392707,63417.76123927071,1581490.0,4900.5098,0.024388667836043876
2026-05-08,1615965.7612392707,63417.76123927071,1552548.0,4871.9122,-0.01759490755773152
2026-05-11,1660200.7612392707,63417.76123927071,1596783.0,4951.8366,0.027373723541070927
2026-05-12,1647338.7612392707,63417.76123927071,1583921.0,4948.0465,-0.007747255814049336
2026-05-13,1698365.7612392707,63417.76123927071,1634948.0,4998.3417,0.030975413922521344
2026-05-14,1657081.7612392707,63417.76123927071,1593664.0,4914.5971,-0.024308073644793482
2026-05-15,1656580.7612392707,63417.76123927071,1593163.0,4859.5927,-0.00030233873289708946
2026-05-18,1694116.7612392707,63417.76123927071,1630699.0,4833.5237,0.022658720225580575
2026-05-19,1714444.7612392707,63417.76123927071,1651027.0,4852.8832,0.011999172940789338
2026-05-20,1734623.7612392707,63417.76123927071,1671206.0,4850.7,0.011769991344261044
2026-05-21,1650125.7612392707,63417.76123927071,1586708.0,4783.0976,-0.048712580726803845
2026-05-22,1694077.7612392707,63417.76123927071,1630660.0,4845.0956,0.026635545624711154
