date,code,side,shares,price,notional,fees,status,reason
2025-08-01,600455.XSHG,buy,3400,28.414199999999997,96608.27999999998,29.94856679999999,filled,
2025-08-01,002970.XSHE,buy,2100,45.04251,94589.271,29.322674009999993,filled,
2025-08-01,301031.XSHE,buy,1700,56.778375,96523.23749999999,29.922203624999995,filled,
2025-08-01,301606.XSHE,buy,2000,47.783879999999996,95567.76,29.626005599999996,filled,
2025-08-01,001389.XSHE,buy,1500,65.05251,97578.765,30.24941715,filled,
2025-08-01,600105.XSHG,buy,10800,9.02451,97464.708,30.214059479999996,filled,
2025-08-01,688100.XSHG,buy,2900,33.6168,97488.71999999999,30.221503199999994,filled,
2025-08-01,300604.XSHE,buy,2200,43.50173999999999,95703.82799999998,29.66818667999999,filled,
2025-08-01,603236.XSHG,buy,1600,57.978975,92766.36,28.757571599999995,filled,
2025-08-01,688208.XSHG,buy,2800,34.187085,95723.838,29.67438978,filled,
2025-09-01,002970.XSHE,sell,2100,49.47525,103898.02500000001,84.15740025,filled,
2025-09-01,300604.XSHE,sell,300,60.479745,18143.9235,14.696578035,filled,
2025-09-01,301031.XSHE,sell,100,72.75360500000001,7275.360500000001,8.710433855,filled,
2025-09-01,301606.XSHE,sell,2000,64.68764,129375.28,104.7939768,filled,
2025-09-01,600105.XSHG,sell,10800,11.164415,120575.682,97.66630242,filled,
2025-09-01,600455.XSHG,sell,3400,26.536725,90224.865,73.08214065,filled,
2025-09-01,603236.XSHG,sell,100,78.78059,7878.059,9.017810090000001,filled,
2025-09-01,300389.XSHE,buy,7600,15.497745,117782.862,36.51268722,filled,
2025-09-01,688093.XSHG,buy,2900,40.46021999999999,117334.63799999998,36.373737779999985,filled,
2025-09-01,688100.XSHG,buy,200,38.008995,7601.799,5.07601799,filled,
2025-09-01,600563.XSHG,buy,900,121.06049999999999,108954.45,33.7758795,filled,
2025-09-01,688019.XSHG,buy,800,136.74834,109398.672,33.91358832,filled,
2025-10-09,300604.XSHE,sell,1900,101.09942500000001,192088.90750000003,155.592015075,filled,
2025-10-09,301031.XSHE,sell,100,82.1589,8215.89,9.1901039,filled,
2025-10-09,688019.XSHG,sell,800,177.49121000000002,141992.96800000002,115.01430408000002,filled,
2025-10-09,300389.XSHE,buy,200,16.66833,3333.666,5.03333666,filled,
2025-10-09,688093.XSHG,buy,400,39.09954,15639.815999999999,5.15639816,filled,
2025-10-09,001389.XSHE,buy,100,79.19958,7919.958,5.07919958,filled,
2025-10-09,688100.XSHG,buy,300,37.668825,11300.6475,5.113006475,filled,
2025-10-09,688208.XSHG,buy,500,38.85942,19429.71,6.023210099999999,filled,
2025-10-09,603236.XSHG,buy,200,75.127545,15025.509,5.15025509,filled,
2025-10-09,600563.XSHG,buy,100,124.52223,12452.223,5.12452223,filled,
2025-10-09,002130.XSHE,buy,4200,30.695339999999998,128920.42799999999,39.96533267999999,filled,
2025-10-09,300866.XSHE,buy,1000,120.83038499999999,120830.385,37.457419349999995,filled,
2025-11-03,002130.XSHE,sell,4200,27.436275000000002,115232.35500000001,93.33820755,filled,
2025-11-03,300389.XSHE,sell,7800,17.1914,134092.92,108.61526520000001,filled,
2025-11-03,300866.XSHE,sell,1000,114.932505,114932.505,93.09532905,filled,
2025-11-03,600563.XSHG,sell,1000,119.09042500000001,119090.42500000002,96.46324425000002,filled,
2025-11-03,603236.XSHG,sell,1700,66.80658000000001,113571.18600000002,91.99266066000001,filled,
2025-11-03,688093.XSHG,sell,100,38.40079,3840.079,6.95844029,filled,
2025-11-03,688100.XSHG,sell,3400,36.491745,124071.933,100.49826572999999,filled,
2025-11-03,688208.XSHG,sell,3300,37.971005000000005,125304.31650000002,101.49649636500001,filled,
2025-11-03,300508.XSHE,buy,3700,33.466725000000004,123826.8825,38.386333574999995,filled,
2025-11-03,603629.XSHG,buy,6000,20.680335,124082.01,38.465423099999995,filled,
2025-11-03,600571.XSHG,buy,7100,17.358675,123246.59250000001,38.206443675,filled,
2025-11-03,600654.XSHG,buy,33300,3.74187,124604.27100000001,38.627324009999995,filled,
2025-11-03,600666.XSHG,buy,34600,3.6018,124622.28,38.63290679999999,filled,
2025-11-03,300684.XSHE,buy,2700,45.56276999999999,123019.47899999998,38.13603848999999,filled,
2025-11-03,605118.XSHG,buy,4400,27.953969999999998,122997.468,38.129215079999994,filled,
2025-12-01,300508.XSHE,sell,300,34.50274,10350.822,10.27891922,filled,
2025-12-01,600654.XSHG,sell,4300,4.13793,17793.099,14.41241019,filled,
2025-12-01,600666.XSHG,sell,2100,3.6981500000000005,7766.115000000001,8.96071865,filled,
2025-12-01,605118.XSHG,sell,4400,27.736125,122038.95000000001,98.8515495,filled,
2025-12-01,301479.XSHE,buy,1900,60.520244999999996,114988.46549999999,35.646424305,filled,
2025-12-01,603629.XSHG,buy,300,18.919455,5675.836499999999,5.056758365,filled,
2025-12-01,301031.XSHE,buy,200,69.36466499999999,13872.932999999997,5.13872933,filled,
2025-12-01,600571.XSHG,buy,200,16.338164999999996,3267.6329999999994,5.03267633,filled,
2025-12-01,300684.XSHE,buy,100,42.181079999999994,4218.107999999999,5.04218108,filled,
2025-12-01,688093.XSHG,buy,200,34.45721999999999,6891.443999999999,5.06891444,filled,
2025-12-01,001389.XSHE,buy,100,68.77436999999999,6877.436999999999,5.06877437,filled,
2026-01-05,001389.XSHE,sell,1700,81.49923000000001,138548.69100000002,112.22443971000001,filled,
2026-01-05,300684.XSHE,sell,300,49.345315,14803.5945,12.549833195,filled,
2026-01-05,301031.XSHE,sell,100,75.82207,7582.206999999999,8.86692557,filled,
2026-01-05,301479.XSHE,buy,100,61.760864999999995,6176.086499999999,5.061760865,filled,
2026-01-05,603629.XSHG,buy,200,19.02951,3805.9019999999996,5.03805902,filled,
2026-01-05,600571.XSHG,buy,500,15.917955,7958.9775,5.079589775,filled,
2026-01-05,600666.XSHG,buy,4500,3.371685,15172.582499999999,5.151725825,filled,
2026-01-05,600654.XSHG,buy,3800,3.8018999999999994,14447.219999999998,5.1444722,filled,
2026-01-05,301606.XSHE,buy,2100,58.139055,122092.0155,37.848524805,filled,
2026-02-02,301031.XSHE,sell,200,97.40127500000001,19480.255,15.77900655,filled,
2026-02-02,301606.XSHE,sell,200,74.032965,14806.593,12.551362430000001,filled,
2026-02-02,603629.XSHG,sell,1700,29.245370000000005,49717.12900000001,40.270874490000004,filled,
2026-02-02,301479.XSHE,buy,300,60.700334999999995,18210.1005,5.645131155,filled,
2026-02-02,300508.XSHE,buy,100,40.380179999999996,4038.0179999999996,5.04038018,filled,
2026-02-02,600571.XSHG,buy,1100,15.86793,17454.722999999998,5.410964129999999,filled,
2026-02-02,600666.XSHG,buy,3300,3.50175,11555.775,5.11555775,filled,
2026-02-02,600654.XSHG,buy,3900,3.8419199999999996,14983.487999999998,5.14983488,filled,
2026-02-02,688093.XSHG,buy,300,37.29864,11189.592,5.11189592,filled,
2026-03-02,300508.XSHE,sell,300,45.13742,13541.225999999999,11.90602526,filled,
2026-03-02,301031.XSHE,sell,1400,97.25135,136151.89,110.2830309,filled,
2026-03-02,600666.XSHG,sell,2500,3.91804,9795.1,9.995501,filled,
2026-03-02,603629.XSHG,sell,1200,40.529725,48635.67,39.3948927,filled,
2026-03-02,600571.XSHG,buy,500,15.657824999999999,7828.912499999999,5.078289125,filled,
2026-03-02,600654.XSHG,buy,3000,3.731865,11195.595,5.11195595,filled,
2026-03-02,688093.XSHG,buy,300,36.79839,11039.517,5.11039517,filled,
2026-03-02,301606.XSHE,buy,300,66.44320499999999,19932.961499999998,6.179218064999999,filled,
2026-03-02,300684.XSHE,buy,100,55.80789,5580.789,5.05580789,filled,
2026-03-02,688100.XSHG,buy,3500,41.780879999999996,146233.08,45.33225479999999,filled,
2026-04-01,300508.XSHE,sell,3200,36.06196,115398.272,93.47260032,filled,
2026-04-01,301479.XSHE,sell,100,63.987989999999996,6398.799,8.26338749,filled,
2026-04-01,301606.XSHE,sell,100,68.46575,6846.575,8.491753249999999,filled,
2026-04-01,600666.XSHG,sell,37800,5.91704,223664.112,181.16793072,filled,
2026-04-01,603629.XSHG,sell,3600,46.59669,167748.084,135.87594804,filled,
2026-04-01,688100.XSHG,sell,3500,36.761610000000005,128665.63500000001,104.21916435,filled,
2026-04-01,600571.XSHG,buy,1500,13.356675,20035.012499999997,6.210853874999999,filled,
2026-04-01,300711.XSHE,buy,5900,24.782384999999998,146216.0715,45.326982165,filled,
2026-04-01,600654.XSHG,buy,3300,3.4016999999999995,11225.609999999999,5.1122561,filled,
2026-04-01,301153.XSHE,buy,5900,24.702345,145743.83550000002,45.180589005,filled,
2026-04-01,688093.XSHG,buy,700,30.905445,21633.8115,6.706481565,filled,
2026-04-01,301031.XSHE,buy,1500,94.78737,142181.055,44.07612705,filled,
2026-04-01,300684.XSHE,buy,400,48.4242,19369.68,6.0046007999999995,filled,
2026-04-01,603039.XSHG,buy,3900,36.828405000000004,143630.7795,44.525541645,filled,
2026-05-06,300684.XSHE,sell,3000,54.522725,163568.17500000002,132.49022175000002,filled,
2026-05-06,300711.XSHE,sell,5900,20.779605,122599.6695,99.305732295,filled,
2026-05-06,301031.XSHE,sell,100,108.67563500000001,10867.563500000002,10.542457385000002,filled,
2026-05-06,301153.XSHE,sell,5900,20.839575000000004,122953.49250000002,99.59232892500002,filled,
2026-05-06,301479.XSHE,sell,2200,85.307325,187676.11500000002,152.01765315,filled,
2026-05-06,301606.XSHE,sell,100,75.5622,7556.22,8.8536722,filled,
2026-05-06,600571.XSHG,sell,10900,12.643675000000002,137816.05750000002,111.63100657500001,filled,
2026-05-06,600654.XSHG,sell,43000,3.9580200000000003,170194.86000000002,137.8578366,filled,
2026-05-06,603039.XSHG,sell,3900,38.390795,149724.1005,121.27652140499998,filled,
2026-05-06,688093.XSHG,sell,4700,32.413785000000004,152344.7895,123.39927949500002,filled,
2026-05-06,600455.XSHG,buy,5400,28.514249999999997,153976.94999999998,47.73285449999999,filled,
2026-05-06,300743.XSHE,buy,8100,18.909449999999996,153166.54499999995,47.48162894999998,filled,
2026-05-06,300042.XSHE,buy,2700,56.598285,152815.3695,47.372764544999995,filled,
2026-05-06,688615.XSHG,buy,1100,138.069,151875.9,47.081528999999996,filled,
2026-05-06,300628.XSHE,buy,4300,35.447714999999995,152425.1745,47.251804095,filled,
2026-05-06,002636.XSHE,buy,3400,45.492734999999996,154675.299,47.949342689999995,filled,
2026-05-06,688188.XSHG,buy,1500,100.38016499999999,150570.2475,46.676776724999996,filled,
2026-05-06,688019.XSHG,buy,700,199.73981999999998,139817.87399999998,43.34354093999999,filled,
